<?xml version="1.0" encoding="utf-8"?>
<ApplicationInstallerManifest>
   <DefaultInstallationDirectory>/Applications/Netflux/</DefaultInstallationDirectory>
   <ApplicationName>Netflux</ApplicationName>
   <ExecutableName>application/Netflux.exe</ExecutableName>
   <GUID>14760768-5918-454b-b2a1-a4aca61a129c</GUID>
   <ApplicationIcon>icon_48.png</ApplicationIcon>
   <Logo>default_logo.png</Logo>
   <Version>1.0</Version>
   <AuthorOrganization>University of Virginia</AuthorOrganization>
   <WelcomePanelText>Netflux 1.0

Netflux is a user-friendly software for developing dynamic computational models of biological networks.

Cardiac Systems Biology Lab</WelcomePanelText>
   <MCRProducts>
      <MCRProduct>
         <ExternalProductIdentifier>35002</ExternalProductIdentifier>
      </MCRProduct>
      <MCRProduct>
         <ExternalProductIdentifier>35003</ExternalProductIdentifier>
      </MCRProduct>
      <MCRProduct>
         <ExternalProductIdentifier>35010</ExternalProductIdentifier>
      </MCRProduct>
   </MCRProducts>
</ApplicationInstallerManifest>