<?xml version="1.0" encoding="utf-8"?>
<ApplicationInstallerManifest>
   <DefaultInstallationDirectory>/Applications/Netflux/</DefaultInstallationDirectory>
   <ApplicationName>Netflux</ApplicationName>
   <ExecutableName>application/Netflux.exe</ExecutableName>
   <GUID>4141aeee-e641-4977-b120-5338cd666842</GUID>
   <ApplicationIcon>default_icon_48.png</ApplicationIcon>
   <Logo>default_logo.png</Logo>
   <Version>1.0</Version>
   <AuthorOrganization>University of Virginia</AuthorOrganization>
   <WelcomePanelText>Netflux 1.0

Netflux is a user-friendly software for developing dynamic computational models of biological networks.

Cardiac Systems Biology Lab</WelcomePanelText>
   <MCRProducts>
      <MCRProduct>
         <ExternalProductIdentifier>35002</ExternalProductIdentifier>
      </MCRProduct>
      <MCRProduct>
         <ExternalProductIdentifier>35003</ExternalProductIdentifier>
      </MCRProduct>
      <MCRProduct>
         <ExternalProductIdentifier>35010</ExternalProductIdentifier>
      </MCRProduct>
   </MCRProducts>
</ApplicationInstallerManifest>