<?xml version="1.0" encoding="utf-8"?>
<ApplicationInstallerManifest>
   <DefaultInstallationDirectory>%ProgramFiles%\Netflux\</DefaultInstallationDirectory>
   <ApplicationName>Netflux</ApplicationName>
   <ExecutableName>application\Netflux.exe</ExecutableName>
   <GUID>048c5eb5-29d4-4703-9062-5e89afcacd46</GUID>
   <Icon>default_icon_48.png</Icon>
   <SplashScreen>default_splash.png</SplashScreen>
   <Logo>default_logo.png</Logo>
   <Version>1.0</Version>
   <WelcomePanelText>Netflux 1.0</WelcomePanelText>
</ApplicationInstallerManifest>