<?xml version="1.0" encoding="utf-8"?>
<ApplicationInstallerManifest>
   <DefaultInstallationDirectory>/Applications/Netflux/</DefaultInstallationDirectory>
   <ApplicationName>Netflux</ApplicationName>
   <ExecutableName>application/Netflux.exe</ExecutableName>
   <GUID>9032c846-b1ff-40dd-86cf-ee21a74090ab</GUID>
   <ApplicationIcon>icon_48.png</ApplicationIcon>
   <Logo>default_logo.png</Logo>
   <Version>1.0</Version>
   <InstallationNotes>In the following directions, replace MR/R2023b by the directory on the target machine where MATLAB is installed, or MR by the directory where the MATLAB Runtime is installed.

If the environment variable DYLD_LIBRARY_PATH is undefined, set it to the following string:

MR/R2023b/runtime/maca64:MR/R2023b/sys/os/maca64:MR/R2023b/bin/maca64

If it is defined, set it to the following:

${DYLD_LIBRARY_PATH}:MR/R2023b/runtime/maca64:MR/R2023b/sys/os/maca64:MR/R2023b/bin/maca64
</InstallationNotes>
   <AuthorOrganization>University of Virginia</AuthorOrganization>
   <WelcomePanelText>Netflux 1.0

Netflux is a user-friendly software for developing dynamic computational models of biological networks.

Cardiac Systems Biology Lab
lln5zuj@virginia.edu</WelcomePanelText>
   <MCRProducts>
      <MCRProduct>
         <ExternalProductIdentifier>35002</ExternalProductIdentifier>
      </MCRProduct>
      <MCRProduct>
         <ExternalProductIdentifier>35003</ExternalProductIdentifier>
      </MCRProduct>
      <MCRProduct>
         <ExternalProductIdentifier>35010</ExternalProductIdentifier>
      </MCRProduct>
   </MCRProducts>
</ApplicationInstallerManifest>